SKU;ilosc
18528020967;0
3888_20260526083738;0
18528012798;0
18407489881GW24ITT;0
3888_20250724124155GW24ITT;0
18528020967ITT;0
3888_20260526090158ITT;0
3888_20260526083738ITT;0
18528012798ITT;0
17739396731ITT;0
18407489881GW24;0
3888_20250724124155GW24;0
18415918892;0
18415912687;0
18415907958;0
18617375802;0
17739396731;0
18415895321;0
3888_20260526090158;0
3888_20250724125241ITT;0
3888_20250724125241;0
18407489881;0
3888_20250724124155;0
3888_20250724125241GW24;0
3888_20250724125241GW24ITT;0
3888_20250724124155ITT;0
18415918892ITT;0
18415907958ITT;0
18415912687ITT;0
18617375802ITT;0
18407489881ITT;0
18415895321ITT;0
17629721417ITT;0
17629697332ITT;0
17629721417_20260420133216ITT;0
17629697332_20260430083743ITT;0
17629721417;0
18468755925ITT;0
18468755925;0
17629721417_20260420133216;0
17629697332_20260430083743;0
17629697332;0
18418932124;0
17619068356;0
17619062218;0
17619055916;0
17619059662;0
17619053272;0
17618878712;0
17618878712_20260430121402;0
17618895854_20260303112909;0
18418929132ITT;0
17619048201ITT;0
17619053272ITT;0
18418837053ITT;0
18418940182ITT;0
18418932124ITT;0
17619042863ITT;0
17619055916ITT;0
17619062218ITT;0
17619068356ITT;0
18468721441ITT;0
17619059662ITT;0
17618895854_20260303112909GW24ITT;0
17618895854_20260303112909ITT;0
17618878712_20260430121402ITT;0
17618895854_20260430121942GW24ITT;0
17618895854_20260430121942ITT;0
17618895854ITT;0
17618895854GW24ITT;0
17618895854_20260430121942GW24;0
17618895854_20260303112909GW24;0
17618895854GW24;0
18418940182;0
17619042863;0
18418837053;0
17619065501;0
17619048201;0
18418929132;0
17618895854_20260430121942;0
17618895854;0
17619065501ITT;0
17618878712ITT;0
18468721441;0
18547290077ITT;0
18893391043ITT;0
18547336230;0
18893376347ITT;0
18547336230ITT;0
18893453356;0
18893447583;0
18893428586;0
18893418638;0
18893426941;0
18893401347;0
18893398738;0
18893394722;0
18893391043;0
18893376347;0
18547290077;0
18547290077GW24ITT;0
18893428586ITT;0
18547336230GW24ITT;0
18893394722ITT;0
18893453356ITT;0
18893426941ITT;0
18893398738ITT;0
18893401347ITT;0
18893447583ITT;0
18893418638ITT;0
18547336230GW24;0
18547290077GW24;0
