Item number,Title,Variation details,Custom label (SKU),Available quantity,Format,Currency,Start price,Auction Buy It Now price,Reserve price,Current price,Sold quantity,Watchers,Bids,Start date,End date,eBay category 1 name,eBay category 1 number,eBay category 2 name,eBay category 2 number,Condition,CD:Professional Grader - (ID: 27501),CD:Grade - (ID: 27502),CDA:Certification Number - (ID: 27503),CD:Card Condition - (ID: 40001),eBay Product ID(ePID),Listing site,P:UPC,P:EAN,P:ISBN
"306731786348","Laptop Dell Latitude 5520 i5 - 1135G7 16GB 256GB SSD  15,6 FHD  Win 11 Pro",,3864_20260126082111,"1","FIXED_PRICE","USD",450.0,,,450.0,"0","","","Jan-26-26 02:13:08 PST","Aug-26-26 02:13:08 PDT","PC Laptops & Netbooks","177","","","Used","","","","","","US","","",""
"307123911846",Lenovo ThinkPad T14 Gen 1 Ryzen 5 PRO 4650U 16 GB 256 GB SSD 14 Zoll Win11 Pro,,3888_20250724125241,"10","FIXED_PRICE","EUR",247.0,,,247.0,"0","1","0","Aug-13-26 00:00:15 PDT","Sep-13-26 00:00:15 PDT","PC Notebooks & Netbooks","177","","","Gebraucht","","","","","","DE","","",""
"307124457460","Dell Latitude 5540 i5-1345U 16 GB 256 GB SSD 15,6 Zoll Win11 Pro",,4870_20260403112433,"10","FIXED_PRICE","EUR",578.0,,,578.0,"0","","","Aug-13-26 05:36:51 PDT","Sep-13-26 05:36:51 PDT","PC Notebooks & Netbooks","177","","","Gebraucht","","","","","","DE","","",""
"307145261903",HP ProBook 640 G2 i5-6200U 8 GB 120 GB SSD 14 Zoll Win11 Pro,,18857183867,"10","FIXED_PRICE","EUR",119.0,,,119.0,"0","","","Aug-25-26 03:26:55 PDT","Sep-25-26 03:26:55 PDT","PC Notebooks & Netbooks","177","","","Gebraucht","","","","","","DE","","",""
"307145261906",HP EliteBook 840 G6 i5-8365U 16 GB 500 GB SSD 14 Zoll Win11 Pro,,18589762579,"10","FIXED_PRICE","EUR",311.0,,,311.0,"0","","","Aug-25-26 03:26:55 PDT","Sep-25-26 03:26:55 PDT","PC Notebooks & Netbooks","177","","","Gebraucht","","","","","","DE","","",""
"307145261907",HP EliteBook 840 G6 i5-8365U 32 GB 1000 GB SSD 14 Zoll Win11 Pro,,18589765205,"10","FIXED_PRICE","EUR",473.0,,,473.0,"0","","","Aug-25-26 03:26:55 PDT","Sep-25-26 03:26:55 PDT","PC Notebooks & Netbooks","177","","","Gebraucht","","","","","","DE","","",""
"307145261909","Fujitsu Lifebook E5510 i7-10510U 16 GB 256 GB SSD 15,6 Zoll Win11 Pro",,5563_20260819142954,"10","FIXED_PRICE","EUR",276.0,,,276.0,"0","","","Aug-25-26 03:26:55 PDT","Sep-25-26 03:26:55 PDT","PC Notebooks & Netbooks","177","","","Gebraucht","","","","","","DE","","",""
"307145261910","Fujitsu Lifebook E5510 i7-10510U 8 GB 256 GB SSD 15,6 Zoll Win11 Pro",,5563_20260819094242,"10","FIXED_PRICE","EUR",299.0,,,299.0,"0","","","Aug-25-26 03:26:55 PDT","Sep-25-26 03:26:55 PDT","PC Notebooks & Netbooks","177","","","Gebraucht","","","","","","DE","","",""
"307145261915","Panasonic ToughBook CF-31 MK3 i5-3340M 16 GB 120 GB SSD 13,3 Zoll Win10 Pro",,10365,"10","FIXED_PRICE","EUR",234.0,,,234.0,"0","","","Aug-25-26 03:26:55 PDT","Sep-25-26 03:26:55 PDT","PC Notebooks & Netbooks","177","","","Gebraucht","","","","","","DE","","",""
"307145261917",HP EliteBook 840 G6 i5-8365U 16 GB 256 GB SSD 14 Zoll Win11 Pro,,18589771410,"10","FIXED_PRICE","EUR",253.0,,,253.0,"0","","","Aug-25-26 03:26:55 PDT","Sep-25-26 03:26:55 PDT","PC Notebooks & Netbooks","177","","","Gebraucht","","","","","","DE","","",""
"307145261919",HP EliteBook 840 G6 i5-8365U 16 GB 256 GB SSD 14 Zoll Win11 Pro,,18726194238,"10","FIXED_PRICE","EUR",276.0,,,276.0,"0","","","Aug-25-26 03:26:55 PDT","Sep-25-26 03:26:55 PDT","PC Notebooks & Netbooks","177","","","Gebraucht","","","","","","DE","","",""
"307145261920",HP EliteBook 840 G6 i5-8365U 32 GB 2000 GB SSD 14 Zoll Win11 Pro,,18589774290,"10","FIXED_PRICE","EUR",531.0,,,531.0,"0","","","Aug-25-26 03:26:55 PDT","Sep-25-26 03:26:55 PDT","PC Notebooks & Netbooks","177","","","Gebraucht","","","","","","DE","","",""
"307145261922",HP EliteBook 840 G6 i5-8365U 16 GB 1000 GB SSD 14 Zoll Win11 Pro,,18726200007,"10","FIXED_PRICE","EUR",392.0,,,392.0,"0","","","Aug-25-26 03:26:55 PDT","Sep-25-26 03:26:55 PDT","PC Notebooks & Netbooks","177","","","Gebraucht","","","","","","DE","","",""
"307145261923",HP EliteBook 840 G6 i5-8365U 32 GB 2000 GB SSD 14 Zoll Win11 Pro,,18726210487,"10","FIXED_PRICE","EUR",555.0,,,555.0,"0","","","Aug-25-26 03:26:55 PDT","Sep-25-26 03:26:55 PDT","PC Notebooks & Netbooks","177","","","Gebraucht","","","","","","DE","","",""
"307145261928",HP EliteBook 840 G6 i5-8365U 8 GB 256 GB SSD 14 Zoll Win11 Pro,,16974667118,"10","FIXED_PRICE","EUR",229.0,,,229.0,"0","","","Aug-25-26 03:26:55 PDT","Sep-25-26 03:26:55 PDT","PC Notebooks & Netbooks","177","","","Gebraucht","","","","","","DE","","",""
"307145261929",HP EliteBook 840 G6 i5-8365U 8 GB 256 GB SSD 14 Zoll Win11 Pro,,18589767879,"10","FIXED_PRICE","EUR",206.0,,,206.0,"0","","","Aug-25-26 03:26:55 PDT","Sep-25-26 03:26:55 PDT","PC Notebooks & Netbooks","177","","","Gebraucht","","","","","","DE","","",""
"307145261933","HP EliteBook 850 G6 i7-8650U 8 GB 960 GB SSD 15,6 Zoll Win10 Pro",,17376915232,"10","FIXED_PRICE","EUR",404.0,,,404.0,"0","","","Aug-25-26 03:26:55 PDT","Sep-25-26 03:26:55 PDT","PC Notebooks & Netbooks","177","","","Gebraucht","","","","","","DE","","",""
"307145261934","HP EliteBook 850 G6 i7-8650U 16 GB 960 GB SSD 15,6 Zoll Win10 Pro",,17376887104,"10","FIXED_PRICE","EUR",450.0,,,450.0,"0","","","Aug-25-26 03:26:55 PDT","Sep-25-26 03:26:55 PDT","PC Notebooks & Netbooks","177","","","Gebraucht","","","","","","DE","","",""
"307145261935","HP EliteBook 850 G6 i7-8650U 8 GB 256 GB SSD 15,6 Zoll Win10 Pro",,16639542933,"10","FIXED_PRICE","EUR",288.0,,,288.0,"0","","","Aug-25-26 03:26:55 PDT","Sep-25-26 03:26:55 PDT","PC Notebooks & Netbooks","177","","","Gebraucht","","","","","","DE","","",""
"307145261936","HP EliteBook 850 G6 i7-8650U 32 GB 960 GB SSD 15,6 Zoll Win10 Pro",,17376890404,"10","FIXED_PRICE","EUR",531.0,,,531.0,"0","","","Aug-25-26 03:26:55 PDT","Sep-25-26 03:26:55 PDT","PC Notebooks & Netbooks","177","","","Gebraucht","","","","","","DE","","",""
"307145261938","HP EliteBook 850 G6 i7-8650U 32 GB 480 GB SSD 15,6 Zoll Win10 Pro",,17376895871,"10","FIXED_PRICE","EUR",450.0,,,450.0,"0","","","Aug-25-26 03:26:55 PDT","Sep-25-26 03:26:55 PDT","PC Notebooks & Netbooks","177","","","Gebraucht","","","","","","DE","","",""
"307145261939","HP EliteBook 850 G6 i7-8650U 16 GB 480 GB SSD 15,6 Zoll Win10 Pro",,17376880123,"10","FIXED_PRICE","EUR",369.0,,,369.0,"0","","","Aug-25-26 03:26:56 PDT","Sep-25-26 03:26:56 PDT","PC Notebooks & Netbooks","177","","","Gebraucht","","","","","","DE","","",""
"307145261940","HP EliteBook 850 G6 i7-8650U 8 GB 480 GB SSD 15,6 Zoll Win10 Pro",,17376901449,"10","FIXED_PRICE","EUR",322.0,,,322.0,"0","","","Aug-25-26 03:26:56 PDT","Sep-25-26 03:26:56 PDT","PC Notebooks & Netbooks","177","","","Gebraucht","","","","","","DE","","",""
"307145261943","Dell Latitude 5500 i5-8365U 16 GB 512 GB SSD 15,6 Zoll Win11 Pro",,18560675168,"10","FIXED_PRICE","EUR",334.0,,,334.0,"0","","","Aug-25-26 03:26:56 PDT","Sep-25-26 03:26:56 PDT","PC Notebooks & Netbooks","177","","","Gebraucht","","","","","","DE","","",""
"307145261945","HP EliteBook 850 G6 i7-8650U 32 GB 1000 GB SSD 15,6 Zoll Win11 Pro",,17376924431,"10","FIXED_PRICE","EUR",555.0,,,555.0,"0","","","Aug-25-26 03:26:56 PDT","Sep-25-26 03:26:56 PDT","PC Notebooks & Netbooks","177","","","Gebraucht","","","","","","DE","","",""
"307145261946","Dell Latitude 5500 i5-8365U 32 GB 512 GB SSD 15,6 Zoll Win11 Pro",,18560679089,"10","FIXED_PRICE","EUR",415.0,,,415.0,"0","","","Aug-25-26 03:26:56 PDT","Sep-25-26 03:26:56 PDT","PC Notebooks & Netbooks","177","","","Gebraucht","","","","","","DE","","",""
"307145261947","Dell Latitude 5500 i5-8365U 16 GB 256 GB SSD 15,6 Zoll Win11 Pro",,18560568436,"10","FIXED_PRICE","EUR",299.0,,,299.0,"0","","","Aug-25-26 03:26:56 PDT","Sep-25-26 03:26:56 PDT","PC Notebooks & Netbooks","177","","","Gebraucht","","","","","","DE","","",""
"307145261948","Dell Latitude 5500 i5-8365U 16 GB 256 GB SSD 15,6 Zoll Win11 Pro",,18561437107,"10","FIXED_PRICE","EUR",323.0,,,323.0,"0","","","Aug-25-26 03:26:56 PDT","Sep-25-26 03:26:56 PDT","PC Notebooks & Netbooks","177","","","Gebraucht","","","","","","DE","","",""
"307145261952",HP EliteBook 845 G8 Ryzen 5 PRO 5650U 16 GB 256 GB SSD 14 Zoll Win10 Pro,,18418929132,"10","FIXED_PRICE","EUR",366.0,,,366.0,"0","","","Aug-25-26 03:26:56 PDT","Sep-25-26 03:26:56 PDT","PC Notebooks & Netbooks","177","","","Gebraucht","","","","","","DE","","",""
"307145261953","HP EliteBook 850 G6 i7-8650U 8 GB 256 GB SSD 15,6 Zoll Win11 Pro",,10400,"10","FIXED_PRICE","EUR",288.0,,,288.0,"0","","","Aug-25-26 03:26:56 PDT","Sep-25-26 03:26:56 PDT","PC Notebooks & Netbooks","177","","","Gebraucht","","","","","","DE","","",""
"307145261956","HP EliteBook 850 G6 i7-8650U 8 GB 256 GB SSD 15,6 Zoll Win11 Pro",,17574484462,"10","FIXED_PRICE","EUR",311.0,,,311.0,"0","","","Aug-25-26 03:26:56 PDT","Sep-25-26 03:26:56 PDT","PC Notebooks & Netbooks","177","","","Gebraucht","","","","","","DE","","",""
"307145261958","Lenovo ThinkPad E15 Gen 2 i5-1135G7 16 GB 2 TB SSD 15,6 Zoll Win11 Pro",,4553_20260504135333,"10","FIXED_PRICE","EUR",589.0,,,589.0,"0","","","Aug-25-26 03:26:56 PDT","Sep-25-26 03:26:56 PDT","PC Notebooks & Netbooks","177","","","Gebraucht","","","","","","DE","","",""
"307145261959","Lenovo ThinkPad E15 Gen 2 i5-1135G7 32 GB 1 TB SSD 15,6 Zoll Win11 Pro",,4553_20260504135712,"10","FIXED_PRICE","EUR",578.0,,,578.0,"0","","","Aug-25-26 03:26:56 PDT","Sep-25-26 03:26:56 PDT","PC Notebooks & Netbooks","177","","","Gebraucht","","","","","","DE","","",""
"307145261960",HP EliteBook 840 G6 i5-8365U 32 GB 1 TB SSD 14 Zoll Win11 Pro,,3832_20260515090057,"10","FIXED_PRICE","EUR",473.0,,,473.0,"0","","","Aug-25-26 03:26:56 PDT","Sep-25-26 03:26:56 PDT","PC Notebooks & Netbooks","177","","","Gebraucht","","","","","","DE","","",""
"307145261962",HP EliteBook 840 G6 i5-8365U 32 GB 500 GB SSD 14 Zoll Win11 Pro,,4542_20260515092743,"10","FIXED_PRICE","EUR",369.0,,,369.0,"0","","","Aug-25-26 03:26:56 PDT","Sep-25-26 03:26:56 PDT","PC Notebooks & Netbooks","177","","","Gebraucht","","","","","","DE","","",""
"307145261966","HP EliteBook 850 G6 i7-8650U 32 GB 500 GB SSD 15,6 Zoll Win11 Pro",,10400_20260723071439,"10","FIXED_PRICE","EUR",450.0,,,450.0,"0","","","Aug-25-26 03:26:56 PDT","Sep-25-26 03:26:56 PDT","PC Notebooks & Netbooks","177","","","Gebraucht","","","","","","DE","","",""
"307145261967",HP EliteBook 845 G8 Ryzen 5 PRO 5650U 8 GB 960 GB SSD 14 Zoll Win10 Pro,,17619048201,"10","FIXED_PRICE","EUR",404.0,,,404.0,"0","","","Aug-25-26 03:26:56 PDT","Sep-25-26 03:26:56 PDT","PC Notebooks & Netbooks","177","","","Gebraucht","","","","","","DE","","",""
"307145261968",HP EliteBook 845 G8 Ryzen 5 PRO 5650U 16 GB 960 GB SSD 14 Zoll Win10 Pro,,17619053272,"10","FIXED_PRICE","EUR",450.0,,,450.0,"0","","","Aug-25-26 03:26:56 PDT","Sep-25-26 03:26:56 PDT","PC Notebooks & Netbooks","177","","","Gebraucht","","","","","","DE","","",""
"307145261969",HP EliteBook 845 G8 Ryzen 5 PRO 5650U 32 GB 480 GB SSD 14 Zoll Win10 Pro,,17619065501,"10","FIXED_PRICE","EUR",450.0,,,450.0,"0","","","Aug-25-26 03:26:56 PDT","Sep-25-26 03:26:56 PDT","PC Notebooks & Netbooks","177","","","Gebraucht","","","","","","DE","","",""
"307145261970",HP EliteBook 845 G8 Ryzen 5 PRO 5650U 8 GB 256 GB SSD 14 Zoll Win10 Pro,,18418837053,"10","FIXED_PRICE","EUR",313.0,,,313.0,"0","","","Aug-25-26 03:26:56 PDT","Sep-25-26 03:26:56 PDT","PC Notebooks & Netbooks","177","","","Gebraucht","","","","","","DE","","",""
"307145261971",HP EliteBook 845 G8 Ryzen 5 PRO 5650U 16 GB 500 GB SSD 14 Zoll Win10 Pro,,18418932124,"10","FIXED_PRICE","EUR",404.0,,,404.0,"0","","","Aug-25-26 03:26:56 PDT","Sep-25-26 03:26:56 PDT","PC Notebooks & Netbooks","177","","","Gebraucht","","","","","","DE","","",""
"307145261972","Lenovo Thinkpad E15 Gen 2 i5 11gen i5-1135G7 16 GB 1000 GB SSD 15,6 Zoll Win11",,18560328503,"10","FIXED_PRICE","EUR",508.0,,,508.0,"0","","","Aug-25-26 03:26:56 PDT","Sep-25-26 03:26:56 PDT","PC Notebooks & Netbooks","177","","","Gebraucht","","","","","","DE","","",""
"307145261975",HP EliteBook 840 G6 i5-8365U 8 GB 256 GB SSD 14 Zoll Win11 Pro,,4542,"10","FIXED_PRICE","EUR",206.0,,,206.0,"0","","","Aug-25-26 03:26:56 PDT","Sep-25-26 03:26:56 PDT","PC Notebooks & Netbooks","177","","","Gebraucht","","","","","","DE","","",""
"307145261976",HP EliteBook 840 G6 i5-8365U 8 GB 256 GB SSD 14 Zoll Win11 Pro,,3832,"10","FIXED_PRICE","EUR",229.0,,,229.0,"0","","","Aug-25-26 03:26:56 PDT","Sep-25-26 03:26:56 PDT","PC Notebooks & Netbooks","177","","","Gebraucht","","","","","","DE","","",""
"307145261977","HP EliteBook 850 G6 i5-8365U 8 GB 256 GB SSD 15,6 Zoll Win11 Pro",,16232396031_20260326092022,"10","FIXED_PRICE","EUR",253.0,,,253.0,"0","","","Aug-25-26 03:26:56 PDT","Sep-25-26 03:26:56 PDT","PC Notebooks & Netbooks","177","","","Gebraucht","","","","","","DE","","",""
"307145261979","HP EliteBook 850 G6 i5-8365U 16 GB 500 GB SSD 15,6 Zoll Win11 Pro",,16232396031_20260723070515,"10","FIXED_PRICE","EUR",334.0,,,334.0,"0","","","Aug-25-26 03:26:56 PDT","Sep-25-26 03:26:56 PDT","PC Notebooks & Netbooks","177","","","Gebraucht","","","","","","DE","","",""
"307145261980",HP EliteBook 840 G6 i5-8365U 16 GB 500 GB SSD 14 Zoll Win11 Pro,,3832_20260515085807,"10","FIXED_PRICE","EUR",311.0,,,311.0,"0","","","Aug-25-26 03:26:56 PDT","Sep-25-26 03:26:56 PDT","PC Notebooks & Netbooks","177","","","Gebraucht","","","","","","DE","","",""
"307145261981","HP EliteBook 850 G6 i7-8650U 16 GB 500 GB SSD 15,6 Zoll Win11 Pro",,17574484462_20260723071213,"10","FIXED_PRICE","EUR",392.0,,,392.0,"0","","","Aug-25-26 03:26:56 PDT","Sep-25-26 03:26:56 PDT","PC Notebooks & Netbooks","177","","","Gebraucht","","","","","","DE","","",""
"307145261988","HP EliteBook 850 G6 i5-8365U 8 GB 256 GB SSD 15,6 Zoll Win11 Pro",,16232396031_20260326091827,"10","FIXED_PRICE","EUR",276.0,,,276.0,"0","","","Aug-25-26 03:26:56 PDT","Sep-25-26 03:26:56 PDT","PC Notebooks & Netbooks","177","","","Gebraucht","","","","","","DE","","",""
"307145261989",HP EliteBook 845 G8 Ryzen 5 PRO 5650U 8 GB 480 GB SSD 14 Zoll Win10 Pro,,17619042863,"10","FIXED_PRICE","EUR",322.0,,,322.0,"0","","","Aug-25-26 03:26:56 PDT","Sep-25-26 03:26:56 PDT","PC Notebooks & Netbooks","177","","","Gebraucht","","","","","","DE","","",""
"307145261994",HP EliteBook 845 G8 Ryzen 5 PRO 5650U 32 GB 500 GB SSD 14 Zoll Win10 Pro,,18418940182,"10","FIXED_PRICE","EUR",485.0,,,485.0,"0","","","Aug-25-26 03:26:56 PDT","Sep-25-26 03:26:56 PDT","PC Notebooks & Netbooks","177","","","Gebraucht","","","","","","DE","","",""
"307145261995",HP EliteBook 845 G8 Ryzen 5 PRO 5650U 16 GB 480 GB SSD 14 Zoll Win10 Pro,,17619055916,"10","FIXED_PRICE","EUR",369.0,,,369.0,"0","","","Aug-25-26 03:26:56 PDT","Sep-25-26 03:26:56 PDT","PC Notebooks & Netbooks","177","","","Gebraucht","","","","","","DE","","",""
"307145261998",HP EliteBook 845 G8 Ryzen 5 PRO 5650U 32 GB 256 GB SSD 14 Zoll Win10 Pro,,17619062218,"10","FIXED_PRICE","EUR",415.0,,,415.0,"0","","","Aug-25-26 03:26:56 PDT","Sep-25-26 03:26:56 PDT","PC Notebooks & Netbooks","177","","","Gebraucht","","","","","","DE","","",""
"307145262001",HP EliteBook 845 G8 Ryzen 5 PRO 5650U 32 GB 960 GB SSD 14 Zoll Win10 Pro,,17619068356,"10","FIXED_PRICE","EUR",531.0,,,531.0,"0","","","Aug-25-26 03:26:57 PDT","Sep-25-26 03:26:57 PDT","PC Notebooks & Netbooks","177","","","Gebraucht","","","","","","DE","","",""
"307145262002",HP EliteBook 845 G8 Ryzen 5 PRO 5650U 16 GB 256 GB SSD 14 Zoll Win10 Pro,,17619059662,"10","FIXED_PRICE","EUR",334.0,,,334.0,"0","","","Aug-25-26 03:26:57 PDT","Sep-25-26 03:26:57 PDT","PC Notebooks & Netbooks","177","","","Gebraucht","","","","","","DE","","",""
"307145262003",HP EliteBook 845 G8 Ryzen 5 PRO 5650U 16 GB 1024 GB SSD 14 Zoll Win11 Pro,,18468721441,"10","FIXED_PRICE","EUR",450.0,,,450.0,"0","","","Aug-25-26 03:26:57 PDT","Sep-25-26 03:26:57 PDT","PC Notebooks & Netbooks","177","","","Gebraucht","","","","","","DE","","",""
"307145262006",HP EliteBook 845 G8 Ryzen 5 PRO 5650U 32 GB 256 GB SSD 14 Zoll Win11 Pro,,17618895854_20260303112909,"10","FIXED_PRICE","EUR",369.0,,,369.0,"0","","","Aug-25-26 03:26:57 PDT","Sep-25-26 03:26:57 PDT","PC Notebooks & Netbooks","177","","","Gebraucht","","","","","","DE","","",""
"307145262009",HP EliteBook 845 G8 Ryzen 5 PRO 5650U 8 GB 256 GB SSD 14 Zoll Win11 Pro,,17618895854,"10","FIXED_PRICE","EUR",241.0,,,241.0,"0","","","Aug-25-26 03:26:57 PDT","Sep-25-26 03:26:57 PDT","PC Notebooks & Netbooks","177","","","Gebraucht","","","","","","DE","","",""
"307145262010",HP EliteBook 845 G8 Ryzen 5 PRO 5650U 32 GB 500 GB SSD 14 Zoll Win11 Pro,,17618878712_20260430121402,"10","FIXED_PRICE","EUR",450.0,,,450.0,"0","","","Aug-25-26 03:26:57 PDT","Sep-25-26 03:26:57 PDT","PC Notebooks & Netbooks","177","","","Gebraucht","","","","","","DE","","",""
"307145262011",HP EliteBook 845 G8 Ryzen 5 PRO 5650U 16 GB 480 GB SSD 14 Zoll Win11 Pro,,17618895854_20260430121942,"10","FIXED_PRICE","EUR",322.0,,,322.0,"0","","","Aug-25-26 03:26:57 PDT","Sep-25-26 03:26:57 PDT","PC Notebooks & Netbooks","177","","","Gebraucht","","","","","","DE","","",""
"307145262013","Lenovo ThinkPad E15 Gen 2 i5-1135G7 16 GB 480 GB SSD 15,6 Zoll Win11 Pro",,4553_20260504140748,"10","FIXED_PRICE","EUR",380.0,,,380.0,"0","","","Aug-25-26 03:26:57 PDT","Sep-25-26 03:26:57 PDT","PC Notebooks & Netbooks","177","","","Gebraucht","","","","","","DE","","",""
"307145262014",HP EliteBook 845 G8 Ryzen 5 PRO 5650U 8 GB 256 GB SSD 14 Zoll Win11 Pro,,17618878712,"10","FIXED_PRICE","EUR",287.0,,,287.0,"0","","","Aug-25-26 03:26:57 PDT","Sep-25-26 03:26:57 PDT","PC Notebooks & Netbooks","177","","","Gebraucht","","","","","","DE","","",""
"307145262017","Lenovo ThinkPad E15 Gen 2 i5-1135G7 8 GB 256 GB SSD 15,6 Zoll Win11 Pro",,4553_20260216084009,"10","FIXED_PRICE","EUR",299.0,,,299.0,"0","","","Aug-25-26 03:26:57 PDT","Sep-25-26 03:26:57 PDT","PC Notebooks & Netbooks","177","","","Gebraucht","","","","","","DE","","",""
"307145262020","Lenovo Thinkpad E15 Gen 2 i5 11gen i5-1135G7 32 GB 1000 GB SSD 15,6 Zoll Win11",,18560332764,"10","FIXED_PRICE","EUR",624.0,,,624.0,"0","","","Aug-25-26 03:26:57 PDT","Sep-25-26 03:26:57 PDT","PC Notebooks & Netbooks","177","","","Gebraucht","","","","","","DE","","",""
"307145262023",Lenovo ThinkPad T14 Gen1 Ryzen 5 PRO 4650U 8 GB 256 GB SSD 14 Zoll Win11 Pro,,18528020967,"10","FIXED_PRICE","EUR",247.0,,,247.0,"0","","","Aug-25-26 03:26:57 PDT","Sep-25-26 03:26:57 PDT","PC Notebooks & Netbooks","177","","","Gebraucht","","","","","","DE","","",""
"307145262024",Lenovo ThinkPad T480 i5-8350U 8 GB 256 GB SSD 14 Zoll Win11 Pro,,4579,"10","FIXED_PRICE","EUR",253.0,,,253.0,"0","","","Aug-25-26 03:26:57 PDT","Sep-25-26 03:26:57 PDT","PC Notebooks & Netbooks","177","","","Gebraucht","","","","","","DE","","",""
"307145262025","Toshiba Toshiba Tecra A50-J i5-1135G7 8 GB 256 GB SSD 15,6 Zoll Win10 Pro",,17388429809,"10","FIXED_PRICE","EUR",322.0,,,322.0,"0","","","Aug-25-26 03:26:57 PDT","Sep-25-26 03:26:57 PDT","PC Notebooks & Netbooks","177","","","Gebraucht","","","","","","DE","","",""
"307145262027","Toshiba Toshiba Tecra A50-J i5-1135G7 16 GB 480 GB SSD 15,6 Zoll Win10 Pro",,17388472080,"10","FIXED_PRICE","EUR",332.0,,,332.0,"0","","","Aug-25-26 03:26:57 PDT","Sep-25-26 03:26:57 PDT","PC Notebooks & Netbooks","177","","","Gebraucht","","","","","","DE","","",""
"307145262028","Toshiba Toshiba Tecra A50-J i5-1135G7 32 GB 960 GB SSD 15,6 Zoll Win10 Pro",,17388483049,"10","FIXED_PRICE","EUR",413.0,,,413.0,"0","","","Aug-25-26 03:26:57 PDT","Sep-25-26 03:26:57 PDT","PC Notebooks & Netbooks","177","","","Gebraucht","","","","","","DE","","",""
"307145262029","Toshiba Toshiba Tecra A50-J i5-1135G7 32 GB 256 GB SSD 15,6 Zoll Win10 Pro",,17388478412,"10","FIXED_PRICE","EUR",355.0,,,355.0,"0","","","Aug-25-26 03:26:57 PDT","Sep-25-26 03:26:57 PDT","PC Notebooks & Netbooks","177","","","Gebraucht","","","","","","DE","","",""
"307145262030","Toshiba Toshiba Tecra A50-J i5-1135G7 16 GB 256 GB SSD 15,6 Zoll Win10 Pro",,17388484670,"10","FIXED_PRICE","EUR",350.0,,,350.0,"0","","","Aug-25-26 03:26:57 PDT","Sep-25-26 03:26:57 PDT","PC Notebooks & Netbooks","177","","","Gebraucht","","","","","","DE","","",""
"307145262031","Toshiba Toshiba Tecra A50-J i5-1135G7 16 GB 480 GB SSD 15,6 Zoll Win10 Pro",,17388491282,"10","FIXED_PRICE","EUR",378.0,,,378.0,"0","","","Aug-25-26 03:26:57 PDT","Sep-25-26 03:26:57 PDT","PC Notebooks & Netbooks","177","","","Gebraucht","","","","","","DE","","",""
"307145262032","Toshiba Toshiba Tecra A50-J i5-1135G7 32 GB 256 GB SSD 15,6 Zoll Win10 Pro",,17388502509,"10","FIXED_PRICE","EUR",401.0,,,401.0,"0","","","Aug-25-26 03:26:57 PDT","Sep-25-26 03:26:57 PDT","PC Notebooks & Netbooks","177","","","Gebraucht","","","","","","DE","","",""
"307145262033","Toshiba Toshiba Tecra A50-J i5-1135G7 32 GB 480 GB SSD 15,6 Zoll Win10 Pro",,17388504693,"10","FIXED_PRICE","EUR",429.0,,,429.0,"0","","","Aug-25-26 03:26:57 PDT","Sep-25-26 03:26:57 PDT","PC Notebooks & Netbooks","177","","","Gebraucht","","","","","","DE","","",""
"307145262035","Toshiba Toshiba Tecra A50-J i5-1135G7 32 GB 960 GB SSD 15,6 Zoll Win10 Pro",,17388511105,"10","FIXED_PRICE","EUR",459.0,,,459.0,"0","","","Aug-25-26 03:26:57 PDT","Sep-25-26 03:26:57 PDT","PC Notebooks & Netbooks","177","","","Gebraucht","","","","","","DE","","",""
"307145262036",Lenovo ThinkPad T14 Gen 1 Ryzen 5 PRO 4650U 24 GB 1 TB SSD 14 Zoll Win11 Pro,,3888_20260526090158,"10","FIXED_PRICE","EUR",410.0,,,410.0,"0","","","Aug-25-26 03:26:57 PDT","Sep-25-26 03:26:57 PDT","PC Notebooks & Netbooks","177","","","Gebraucht","","","","","","DE","","",""
"307145262037","Toshiba Toshiba Tecra A50-J i5-1135G7 16 GB 256 GB SSD 15,6 Zoll Win10 Pro",,17388461194,"10","FIXED_PRICE","EUR",304.0,,,304.0,"0","","","Aug-25-26 03:26:57 PDT","Sep-25-26 03:26:57 PDT","PC Notebooks & Netbooks","177","","","Gebraucht","","","","","","DE","","",""
"307145262038","Toshiba Toshiba Tecra A50-J i5-1135G7 16 GB 960 GB SSD 15,6 Zoll Win10 Pro",,17388500905,"10","FIXED_PRICE","EUR",408.0,,,408.0,"0","","","Aug-25-26 03:26:57 PDT","Sep-25-26 03:26:57 PDT","PC Notebooks & Netbooks","177","","","Gebraucht","","","","","","DE","","",""
"307145262039","Toshiba Toshiba Tecra A50-J i5-1135G7 8 GB 256 GB SSD 15,6 Zoll Win10 Pro",,17388309317,"10","FIXED_PRICE","EUR",276.0,,,276.0,"0","","","Aug-25-26 03:26:57 PDT","Sep-25-26 03:26:57 PDT","PC Notebooks & Netbooks","177","","","Gebraucht","","","","","","DE","","",""
"307145262040","Toshiba Toshiba Tecra A50-J i5-1135G7 16 GB 960 GB SSD 15,6 Zoll Win10 Pro",,17388475314,"10","FIXED_PRICE","EUR",362.0,,,362.0,"0","","","Aug-25-26 03:26:57 PDT","Sep-25-26 03:26:57 PDT","PC Notebooks & Netbooks","177","","","Gebraucht","","","","","","DE","","",""
"307145262042","Toshiba Toshiba Tecra A50-J i5-1135G7 32 GB 480 GB SSD 15,6 Zoll Win10 Pro",,17388481471,"10","FIXED_PRICE","EUR",383.0,,,383.0,"0","","","Aug-25-26 03:26:57 PDT","Sep-25-26 03:26:57 PDT","PC Notebooks & Netbooks","177","","","Gebraucht","","","","","","DE","","",""
"307145262043","Dell Latitude 5500 i5-8265U 8 GB 256 GB SSD 15,6 Zoll Win11 Pro",,17571717043,"10","FIXED_PRICE","EUR",229.0,,,229.0,"0","","","Aug-25-26 03:26:57 PDT","Sep-25-26 03:26:57 PDT","PC Notebooks & Netbooks","177","","","Gebraucht","","","","","","DE","","",""
"307145262045","Toshiba Dynabook Tecra A50-J i5-1135G7 8 GB 256 GB SSD 15,6 Zoll Win11 Pro",,10403,"10","FIXED_PRICE","EUR",369.0,,,369.0,"0","","","Aug-25-26 03:26:57 PDT","Sep-25-26 03:26:57 PDT","PC Notebooks & Netbooks","177","","","Gebraucht","","","","","","DE","","",""
"307145262047",Lenovo ThinkPad T14 Gen1 Ryzen 5 PRO 4650U 8 GB 256 GB SSD 14 Zoll Win11 Pro,,18528012798,"10","FIXED_PRICE","EUR",224.0,,,224.0,"0","","","Aug-25-26 03:26:57 PDT","Sep-25-26 03:26:57 PDT","PC Notebooks & Netbooks","177","","","Gebraucht","","","","","","DE","","",""
"307145262048",Lenovo ThinkPad T490 i5-8265U 16 GB 480 GB SSD 14 Zoll Win10 Pro,,16115725406,"10","FIXED_PRICE","EUR",332.0,,,332.0,"0","","","Aug-25-26 03:26:57 PDT","Sep-25-26 03:26:57 PDT","PC Notebooks & Netbooks","177","","","Gebraucht","","","","","","DE","","",""
"307145262050",Lenovo ThinkPad T14 Gen 1 Ryzen 5 PRO 4650U 24 GB 500 GB SSD 14 Zoll Win11 Pro,,3888_20260526083738,"10","FIXED_PRICE","EUR",352.0,,,352.0,"0","","","Aug-25-26 03:26:57 PDT","Sep-25-26 03:26:57 PDT","PC Notebooks & Netbooks","177","","","Gebraucht","","","","","","DE","","",""
"307145262051",Lenovo ThinkPad T480 fhd i5-8350U 16 GB 480 GB SSD 14 Zoll Win11 Pro,,18660556147,"10","FIXED_PRICE","EUR",311.0,,,311.0,"0","","","Aug-25-26 03:26:57 PDT","Sep-25-26 03:26:57 PDT","PC Notebooks & Netbooks","177","","","Gebraucht","","","","","","DE","","",""
"307145262052","Lenovo ThinkPad T15 Gen 1 i5-10210U 16 GB 256 GB SSD 15,6 Zoll Win11 Pro",,17496877602,"10","FIXED_PRICE","EUR",380.0,,,380.0,"0","","","Aug-25-26 03:26:57 PDT","Sep-25-26 03:26:57 PDT","PC Notebooks & Netbooks","177","","","Gebraucht","","","","","","DE","","",""
"307145262053",Lenovo ThinkPad T480 fhd i5-8350U 32 GB 1000 GB SSD 14 Zoll Win11 Pro,,18660639414,"10","FIXED_PRICE","EUR",474.0,,,474.0,"0","","","Aug-25-26 03:26:57 PDT","Sep-25-26 03:26:57 PDT","PC Notebooks & Netbooks","177","","","Gebraucht","","","","","","DE","","",""
"307145262054","Lenovo ThinkPad T15 Gen1 i5-10210U 16 GB 256 GB SSD 15,6 Zoll Win11 Pro",,17622086782,"10","FIXED_PRICE","EUR",346.0,,,346.0,"0","","","Aug-25-26 03:26:58 PDT","Sep-25-26 03:26:58 PDT","PC Notebooks & Netbooks","177","","","Gebraucht","","","","","","DE","","",""
"307145262057",HP EliteBook 840 G8 i5-1145G7 16 GB 256 GB SSD 14 Zoll Win11 Pro,,17629721417,"10","FIXED_PRICE","EUR",327.0,,,327.0,"0","","","Aug-25-26 03:26:58 PDT","Sep-25-26 03:26:58 PDT","PC Notebooks & Netbooks","177","","","Gebraucht","","","","","","DE","","",""
"307145262058",HP EliteBook 840 G3 i5-6300U 8 GB 240/256 GB SSD 14 Zoll Win11 Pro,,5669_20260413101921,"10","FIXED_PRICE","EUR",194.0,,,194.0,"0","","","Aug-25-26 03:26:58 PDT","Sep-25-26 03:26:58 PDT","PC Notebooks & Netbooks","177","","","Gebraucht","","","","","","DE","","",""
"307145262059",HP ZBook 14u G5 i5-7200U 32 GB 256 GB SSD 14 Zoll Win10 Pro,,15615686905,"10","FIXED_PRICE","EUR",418.0,,,418.0,"0","","","Aug-25-26 03:26:58 PDT","Sep-25-26 03:26:58 PDT","PC Notebooks & Netbooks","177","","","Gebraucht","","","","","","DE","","",""
"307145262060",HP ProBook 440 G6 i5-8265U 32 GB 480 GB SSD 14 Zoll Win11 Pro,,3939_20260415081208,"10","FIXED_PRICE","EUR",346.0,,,346.0,"0","","","Aug-25-26 03:26:58 PDT","Sep-25-26 03:26:58 PDT","PC Notebooks & Netbooks","177","","","Gebraucht","","","","","","DE","","",""
"307145262062",HP ZBook 14u G5 i5-7200U 16 GB 960 GB SSD 14 Zoll Win10 Pro,,15615818025,"10","FIXED_PRICE","EUR",431.0,,,431.0,"0","","","Aug-25-26 03:26:58 PDT","Sep-25-26 03:26:58 PDT","PC Notebooks & Netbooks","177","","","Gebraucht","","","","","","DE","","",""
"307145262063",HP ZBook 14u G5 i5-7200U 16 GB 256 GB SSD 14 Zoll Win10 Pro,,15615738508,"10","FIXED_PRICE","EUR",339.0,,,339.0,"0","","","Aug-25-26 03:26:58 PDT","Sep-25-26 03:26:58 PDT","PC Notebooks & Netbooks","177","","","Gebraucht","","","","","","DE","","",""
"307145262064",HP ZBook 14u G5 i5-7200U 32 GB 480 GB SSD 14 Zoll Win10 Pro,,15615831762,"10","FIXED_PRICE","EUR",457.0,,,457.0,"0","","","Aug-25-26 03:26:58 PDT","Sep-25-26 03:26:58 PDT","PC Notebooks & Netbooks","177","","","Gebraucht","","","","","","DE","","",""
"307145262065",Lenovo ThinkPad T490 i5-8265U 32 GB 960 GB SSD 14 Zoll Win10 Pro,,16115738995,"10","FIXED_PRICE","EUR",413.0,,,413.0,"0","","","Aug-25-26 03:26:58 PDT","Sep-25-26 03:26:58 PDT","PC Notebooks & Netbooks","177","","","Gebraucht","","","","","","DE","","",""
"307145262066",HP ProBook 440 G6 i5-8265U 16 GB 256 GB SSD 14 Zoll Win11 Pro,,17757645965,"10","FIXED_PRICE","EUR",246.0,,,246.0,"0","","","Aug-25-26 03:26:58 PDT","Sep-25-26 03:26:58 PDT","PC Notebooks & Netbooks","177","","","Gebraucht","","","","","","DE","","",""
"307145262067",HP ProBook 440 G6 i5-8265U 16 GB 480 GB SSD 14 Zoll Win11 Pro,,17757753341,"10","FIXED_PRICE","EUR",273.0,,,273.0,"0","","","Aug-25-26 03:26:58 PDT","Sep-25-26 03:26:58 PDT","PC Notebooks & Netbooks","177","","","Gebraucht","","","","","","DE","","",""
"307145262071",HP ProBook 440 G6 i5-8265U 16 GB 960 GB SSD 14 Zoll Win11 Pro,,17757766185,"10","FIXED_PRICE","EUR",304.0,,,304.0,"0","","","Aug-25-26 03:26:58 PDT","Sep-25-26 03:26:58 PDT","PC Notebooks & Netbooks","177","","","Gebraucht","","","","","","DE","","",""
"307145262074",HP ProBook 440 G6 i5-8265U 8 GB 256 GB SSD 14 Zoll Win11 Pro,,17757801582,"10","FIXED_PRICE","EUR",218.0,,,218.0,"0","","","Aug-25-26 03:26:58 PDT","Sep-25-26 03:26:58 PDT","PC Notebooks & Netbooks","177","","","Gebraucht","","","","","","DE","","",""
"307145262077",HP ProBook 440 G6 i5-8265U 32 GB 960 GB SSD+HDD 14 Zoll Win11 Pro,,17757777002,"10","FIXED_PRICE","EUR",355.0,,,355.0,"0","","","Aug-25-26 03:26:58 PDT","Sep-25-26 03:26:58 PDT","PC Notebooks & Netbooks","177","","","Gebraucht","","","","","","DE","","",""
"307145262079",HP ProBook 440 G6 i5-8265U 16 GB 960 GB SSD 14 Zoll Win11 Pro,,17757818480,"10","FIXED_PRICE","EUR",269.0,,,269.0,"0","","","Aug-25-26 03:26:58 PDT","Sep-25-26 03:26:58 PDT","PC Notebooks & Netbooks","177","","","Gebraucht","","","","","","DE","","",""
"307145262080",Dell Latitude 7490 i7-8650U 16 GB 960 GB SSD 14 Zoll Win10 Pro,,18043936483,"10","FIXED_PRICE","EUR",281.0,,,281.0,"0","","","Aug-25-26 03:26:58 PDT","Sep-25-26 03:26:58 PDT","PC Notebooks & Netbooks","177","","","Gebraucht","","","","","","DE","","",""
"307145262081",Lenovo ThinkPad T14 Gen1 Ryzen 5 PRO 4650U 16 GB 256 GB SSD 14 Zoll Win11 Pro,,18407489881,"10","FIXED_PRICE","EUR",247.0,,,247.0,"0","","","Aug-25-26 03:26:58 PDT","Sep-25-26 03:26:58 PDT","PC Notebooks & Netbooks","177","","","Gebraucht","","","","","","DE","","",""
"307145262087","HP EliteBook 850 G3 i5-6200U 8 GB 120 GB SSD 15,6 Zoll Win11 Pro",,18415577540,"10","FIXED_PRICE","EUR",173.0,,,173.0,"0","","","Aug-25-26 03:26:58 PDT","Sep-25-26 03:26:58 PDT","PC Notebooks & Netbooks","177","","","Gebraucht","","","","","","DE","","",""
"307145262089","HP EliteBook 850 G3 i5-6200U 16 GB 240 GB SSD 15,6 Zoll Win11 Pro",,18415623171,"10","FIXED_PRICE","EUR",229.0,,,229.0,"0","","","Aug-25-26 03:26:58 PDT","Sep-25-26 03:26:58 PDT","PC Notebooks & Netbooks","177","","","Gebraucht","","","","","","DE","","",""
"307145262091","HP EliteBook 850 G3 i5-6200U 16 GB 960 GB SSD 15,6 Zoll Win11 Pro",,18415745961,"10","FIXED_PRICE","EUR",346.0,,,346.0,"0","","","Aug-25-26 03:26:58 PDT","Sep-25-26 03:26:58 PDT","PC Notebooks & Netbooks","177","","","Gebraucht","","","","","","DE","","",""
"307145262093","HP EliteBook 850 G3 i5-6200U 16 GB 480 GB SSD 15,6 Zoll Win11 Pro",,18415634882,"10","FIXED_PRICE","EUR",264.0,,,264.0,"0","","","Aug-25-26 03:26:58 PDT","Sep-25-26 03:26:58 PDT","PC Notebooks & Netbooks","177","","","Gebraucht","","","","","","DE","","",""
"307145262098","HP EliteBook 850 G3 i5-6200U 32 GB 480 GB SSD 15,6 Zoll Win11 Pro",,18415781354,"10","FIXED_PRICE","EUR",346.0,,,346.0,"0","","","Aug-25-26 03:26:58 PDT","Sep-25-26 03:26:58 PDT","PC Notebooks & Netbooks","177","","","Gebraucht","","","","","","DE","","",""
"307145262099","HP EliteBook 850 G3 i5-6200U 32 GB 960 GB SSD 15,6 Zoll Win11 Pro",,18415778124,"10","FIXED_PRICE","EUR",427.0,,,427.0,"0","","","Aug-25-26 03:26:58 PDT","Sep-25-26 03:26:58 PDT","PC Notebooks & Netbooks","177","","","Gebraucht","","","","","","DE","","",""
"307145262102","Dell Latitude 5580 i5-7300U 16 GB 960 GB SSD 15,6 Zoll Win11 Pro",,18444694210,"10","FIXED_PRICE","EUR",364.0,,,364.0,"0","","","Aug-25-26 03:26:58 PDT","Sep-25-26 03:26:58 PDT","PC Notebooks & Netbooks","177","","","Gebraucht","","","","","","DE","","",""
"307145262103","Dell Latitude 5580 i5-7300U 16 GB 480 GB SSD 15,6 Zoll Win11 Pro",,18444691869,"10","FIXED_PRICE","EUR",282.0,,,282.0,"0","","","Aug-25-26 03:26:58 PDT","Sep-25-26 03:26:58 PDT","PC Notebooks & Netbooks","177","","","Gebraucht","","","","","","DE","","",""
"307145262104","Dell Latitude 5580 i5-7300U 32 GB 480 GB SSD 15,6 Zoll Win11 Pro",,18444717652,"10","FIXED_PRICE","EUR",364.0,,,364.0,"0","","","Aug-25-26 03:26:58 PDT","Sep-25-26 03:26:58 PDT","PC Notebooks & Netbooks","177","","","Gebraucht","","","","","","DE","","",""
"307145262105","Dell Latitude 5580 i5-7300U 32 GB 256 GB SSD 15,6 Zoll Win11 Pro",,18444703850,"10","FIXED_PRICE","EUR",329.0,,,329.0,"0","","","Aug-25-26 03:26:58 PDT","Sep-25-26 03:26:58 PDT","PC Notebooks & Netbooks","177","","","Gebraucht","","","","","","DE","","",""
"307145262106","Dell Latitude 5580 i5-7300U 32 GB 960 GB SSD 15,6 Zoll Win11 Pro",,18444719991,"10","FIXED_PRICE","EUR",445.0,,,445.0,"0","","","Aug-25-26 03:26:58 PDT","Sep-25-26 03:26:58 PDT","PC Notebooks & Netbooks","177","","","Gebraucht","","","","","","DE","","",""
"307145262108","Dell Latitude 5580 i5-7300U 8 GB 256 GB SSD 15,6 Zoll Win10 Pro",,18444724239,"10","FIXED_PRICE","EUR",227.0,,,227.0,"0","","","Aug-25-26 03:26:58 PDT","Sep-25-26 03:26:58 PDT","PC Notebooks & Netbooks","177","","","Gebraucht","","","","","","DE","","",""
"307145262109","Dell Latitude 5580 i5-7300U 16 GB 256 GB SSD 15,6 Zoll Win10 Pro",,18444817182,"10","FIXED_PRICE","EUR",273.0,,,273.0,"0","","","Aug-25-26 03:26:58 PDT","Sep-25-26 03:26:58 PDT","PC Notebooks & Netbooks","177","","","Gebraucht","","","","","","DE","","",""
"307145262110","Dell Latitude 5580 i5-7300U 16 GB 480 GB SSD 15,6 Zoll Win10 Pro",,18444821562,"10","FIXED_PRICE","EUR",308.0,,,308.0,"0","","","Aug-25-26 03:26:58 PDT","Sep-25-26 03:26:58 PDT","PC Notebooks & Netbooks","177","","","Gebraucht","","","","","","DE","","",""
"307145262113","Dell Latitude 5580 i5-7300U 16 GB 960 GB SSD 15,6 Zoll Win10 Pro",,18444822872,"10","FIXED_PRICE","EUR",389.0,,,389.0,"0","","","Aug-25-26 03:26:58 PDT","Sep-25-26 03:26:58 PDT","PC Notebooks & Netbooks","177","","","Gebraucht","","","","","","DE","","",""
"307145262115","Dell Latitude 5580 i5-7300U 32 GB 256 GB SSD 15,6 Zoll Win11 Pro",,18444825737,"10","FIXED_PRICE","EUR",355.0,,,355.0,"0","","","Aug-25-26 03:26:58 PDT","Sep-25-26 03:26:58 PDT","PC Notebooks & Netbooks","177","","","Gebraucht","","","","","","DE","","",""
"307145262117","Dell Latitude 5580 i5-7300U 32 GB 480 GB SSD 15,6 Zoll Win11 Pro",,18444836298,"10","FIXED_PRICE","EUR",389.0,,,389.0,"0","","","Aug-25-26 03:26:59 PDT","Sep-25-26 03:26:59 PDT","PC Notebooks & Netbooks","177","","","Gebraucht","","","","","","DE","","",""
"307145262118",HP EliteBook 840 G3 i5-6300U 8 GB 240 GB SSD 14 Zoll Win11 Pro,,18496641500,"10","FIXED_PRICE","EUR",154.0,,,154.0,"0","","","Aug-25-26 03:26:59 PDT","Sep-25-26 03:26:59 PDT","PC Notebooks & Netbooks","177","","","Gebraucht","","","","","","DE","","",""
"307145262120","Dell Latitude 5580 i5-7300U 32 GB 960 GB SSD 15,6 Zoll Win11 Pro",,18444839065,"10","FIXED_PRICE","EUR",471.0,,,471.0,"0","","","Aug-25-26 03:26:59 PDT","Sep-25-26 03:26:59 PDT","PC Notebooks & Netbooks","177","","","Gebraucht","","","","","","DE","","",""
"307145262121",HP EliteBook 840 G3 i5-6300U 16 GB 960 GB SSD 14 Zoll Win11 Pro,,18496695385,"10","FIXED_PRICE","EUR",317.0,,,317.0,"0","","","Aug-25-26 03:26:59 PDT","Sep-25-26 03:26:59 PDT","PC Notebooks & Netbooks","177","","","Gebraucht","","","","","","DE","","",""
"307145262123",HP EliteBook 840 G3 i5-6300U 16 GB 480 GB SSD 14 Zoll Win11 Pro,,18496686238,"10","FIXED_PRICE","EUR",235.0,,,235.0,"0","","","Aug-25-26 03:26:59 PDT","Sep-25-26 03:26:59 PDT","PC Notebooks & Netbooks","177","","","Gebraucht","","","","","","DE","","",""
"307145262124",HP EliteBook 840 G3 i5-6300U 8 GB 128 GB SSD 14 Zoll Win11 Pro,,18496718015,"10","FIXED_PRICE","EUR",160.0,,,160.0,"0","","","Aug-25-26 03:26:59 PDT","Sep-25-26 03:26:59 PDT","PC Notebooks & Netbooks","177","","","Gebraucht","","","","","","DE","","",""
"307145262126",HP EliteBook 840 G3 i5-6300U 8 GB 240 GB SSD 14 Zoll Win11 Pro,,18496721858,"10","FIXED_PRICE","EUR",171.0,,,171.0,"0","","","Aug-25-26 03:26:59 PDT","Sep-25-26 03:26:59 PDT","PC Notebooks & Netbooks","177","","","Gebraucht","","","","","","DE","","",""
"307145262132",HP EliteBook 840 G3 i5-6300U 16 GB 240 GB SSD 14 Zoll Win11 Pro,,18496723396,"10","FIXED_PRICE","EUR",218.0,,,218.0,"0","","","Aug-25-26 03:26:59 PDT","Sep-25-26 03:26:59 PDT","PC Notebooks & Netbooks","177","","","Gebraucht","","","","","","DE","","",""
"307145262134",HP EliteBook 840 G3 i5-6300U 16 GB 480 GB SSD 14 Zoll Win11 Pro,,18496725785,"10","FIXED_PRICE","EUR",253.0,,,253.0,"0","","","Aug-25-26 03:26:59 PDT","Sep-25-26 03:26:59 PDT","PC Notebooks & Netbooks","177","","","Gebraucht","","","","","","DE","","",""
"307145262142",HP EliteBook 840 G3 i5-6300U 16 GB 960 GB SSD 14 Zoll Win11 Pro,,18496742868,"10","FIXED_PRICE","EUR",334.0,,,334.0,"0","","","Aug-25-26 03:26:59 PDT","Sep-25-26 03:26:59 PDT","PC Notebooks & Netbooks","177","","","Gebraucht","","","","","","DE","","",""
"307145262144",HP EliteBook 840 G3 i5-6300U 8 GB 240 GB SSD 14 Zoll Win11 Pro,,18496746167,"10","FIXED_PRICE","EUR",194.0,,,194.0,"0","","","Aug-25-26 03:26:59 PDT","Sep-25-26 03:26:59 PDT","PC Notebooks & Netbooks","177","","","Gebraucht","","","","","","DE","","",""
"307145262146",HP EliteBook 840 G3 i5-6300U 16 GB 480 GB SSD 14 Zoll Win11 Pro,,18496758847,"10","FIXED_PRICE","EUR",276.0,,,276.0,"0","","","Aug-25-26 03:26:59 PDT","Sep-25-26 03:26:59 PDT","PC Notebooks & Netbooks","177","","","Gebraucht","","","","","","DE","","",""
"307145262148",HP EliteBook 840 G3 i5-6300U 16 GB 960 GB SSD 14 Zoll Win11 Pro,,18496760342,"10","FIXED_PRICE","EUR",357.0,,,357.0,"0","","","Aug-25-26 03:26:59 PDT","Sep-25-26 03:26:59 PDT","PC Notebooks & Netbooks","177","","","Gebraucht","","","","","","DE","","",""
"307145262151",Dell Latitude 7490 i7-8650U 8 GB 128 GB SSD 14 Zoll Win10 Pro,,18680797158,"10","FIXED_PRICE","EUR",183.0,,,183.0,"0","","","Aug-25-26 03:26:59 PDT","Sep-25-26 03:26:59 PDT","PC Notebooks & Netbooks","177","","","Gebraucht","","","","","","DE","","",""
"307145262154",Lenovo ThinkPad T15 GEN1 i5-10210U 16 GB 256 GB SSD 15 Zoll Win11 Pro,,18830618521,"10","FIXED_PRICE","EUR",380.0,,,380.0,"0","","","Aug-25-26 03:26:59 PDT","Sep-25-26 03:26:59 PDT","PC Notebooks & Netbooks","177","","","Gebraucht","","","","","","DE","","",""